﻿pos_x,pos_y,rotation,side,designator,mpn,pack,value,mount_type,place
18.978,21.5254,0.0,top,H1,,,,tht,True
18.978,21.5254,0.0,top,H2,,,,tht,True
18.978,21.5254,-90.0,top,J1,,G125-FS12005L0P,G125-FS12005L0P,smt,True
11.176,19.304,-90.0,bottom,J2,,SS52000004,SS-52000-004,tht,True
10.16,2.032,0.0,bottom,J3,,PinSocket_1x02_P2.54mm_Horizontal,Screw_Terminal_01x02,tht,True
3.08,11.47,90.0,bottom,J4,,JST_SH_SM06B-SRSS-TB_1x06-1MP_P1.00mm_Horizontal,Conn_01x06,smt,True
12.3698,4.1656,90.0,top,R1,,R_0603_1608Metric,10k,smt,True
